title,address,price,link
Allendale Wine Shoppe,USA: (NJ) Allendale,74.84₽,https://www.allendalewine.com/products/10588560/smirnoff-classic-no-21-vodka
Allendale Wine Shoppe,USA: (NJ) Allendale,74.84₽,https://www.allendalewine.com/products/11289482/smirnoff-vodka-100-proof
Allendale Wine Shoppe,USA: (NJ) Allendale,74.84₽,https://www.allendalewine.com/products/11349007/stolichnaya-crushed-ruby-red-grapefruit-vodka
Allendale Wine Shoppe,USA: (NJ) Allendale,74.84₽,https://www.allendalewine.com/products/10588160/new-amsterdam-red-berry-vodka
Kahn's Fine Wines & Spirits,USA: (IN) Indianapolis,88.18₽,http://www.kahnsfinewines.com/sku41662.html
B-21,USA: (FL) Tarpon Springs,88.18₽,https://www.b-21.com/Deep-Eddy-Ruby-Red-Vodka/productinfo/LVODDEEPDA/
Uptown Spirits,USA: (CA) San Diego,92.63₽,https://uptownspirits.com/product/liquor/pre-mixed-cocktails/chi-chis-ruby-red-margarita-cocktail-187ml/
Allendale Wine Shoppe,USA: (NJ) Allendale,92.63₽,https://www.allendalewine.com/products/10587778/johnnie-walker-red-label-blended-scotch-whisky
Continental Wine & Spirits Online,USA: (NY) Fresh Meadows,92.63₽,https://www.continentalws.com/spirits/New-Amsterdam-Red-Berry-Vodka-w1743311s6
Passion Vines,USA: (NJ) Somers Point,95.59₽,https://www.passionvines.com/spirits/Smirnoff-Vodka-w5618105y2
Best Wine & Spirit 21,USA: (NY) Manhasset,95.59₽,https://www.bestwine21.com/spirits/Smirnoff-No.-21-Vodka-w5380966j1
"Total Wine & More, Millenia",USA: (FL) Orlando,95.59₽,https://www.totalwine.com/spirits/vodka/vodka/kinky-red/p/171676050?s=920&igrules=true
Raeders Wines & Liquors,USA: (NY) Albertson,95.59₽,http://www.raederswine.com/sku2485.html
Raeders Wines & Liquors,USA: (NY) Albertson,95.59₽,http://www.raederswine.com/sku1904.html
Big K Market,USA: (CA) Lemon Grove,103.00₽,https://bigkmarketliquor.com/product/chi-chis-ruby-red-margarita/
Passion Vines,USA: (NJ) Somers Point,103.00₽,https://www.passionvines.com/spirits/Jim-Beam-Red-Stag-Black-Cherry-Bourbon-w79269587s
Town Wine & Spirits,USA: (RI) Providence,110.41₽,https://townwine.com/shop/#StoreFrontLocationHash=%23%2Fwidget/5f6a16c50c375227e4f6ff6a/product/5736673469702d4aeb981d00
Suburban Wines,USA: (NY) Yorktown Heights,110.41₽,https://www.suburbanwines.com/spirits/Smirnoff-Vodka-w2005172x6
"Total Wine & More, Sacramento Arden",USA: (CA) Sacramento,110.41₽,https://www.totalwine.com/spirits/bourbon/null/bird-dog-ruby-red-grapefruit-whsky/p/170932050?s=1108&igrules=true
"Total Wine & More, Sacramento Arden",USA: (CA) Sacramento,110.41₽,https://www.totalwine.com/spirits/vodka/vodka/kinky-red/p/171676050?s=1108&igrules=true
Shop-Rite Wines & Spirits of Chester,USA: (NJ) Chester,110.41₽,http://www.shopritewines.com/sku10158.html
Raeders Wines & Liquors,USA: (NY) Albertson,110.41₽,http://www.raederswine.com/sku2847.html
Mission Wine & Spirits,USA: (CA) Los Angeles,110.41₽,https://www.missionliquor.com/products/deep-eddy-ruby-red-grapefruit-vodka-50ml
"Total Wine & More, Millenia",USA: (FL) Orlando,110.41₽,https://www.totalwine.com/spirits/vodka/vodka/stolichnaya/p/3720050?s=920&igrules=true
Central Wine Merchants,USA: (NJ) Flemington,111.15₽,https://www.centralwinemerchants.com/spirits/Jim-Beam-Red-Stag-Black-Cherry-Bourbon-w5020055dl
Continental Wine & Spirits Online,USA: (NY) Fresh Meadows,111.15₽,https://www.continentalws.com/spirits/Smirnoff-80-1980-w0263145my
Norfolk Wine & Spirits,USA: (MA) Norfolk,111.15₽,https://norfolkwineandspirits.com/shop/bushmills-red-bush-irish-whiskey-50-ml/
Kahn's Fine Wines & Spirits,USA: (IN) Indianapolis,125.23₽,http://www.kahnsfinewines.com/sku17110.html
EmpireWine.com,USA: (NY) Albany,125.23₽,https://www.empirewine.com/wine/barefoot-winery-red-moscato-187ml-i20825/
Marketview Liquor,USA: (NY) Rochester,125.23₽,https://www.marketviewliquor.com/product/wine/barefoot-cellars-red-moscato-187ml
EmpireWine.com,USA: (NY) Albany,125.23₽,https://www.empirewine.com/wine/sutter-home-red-moscato-187ml-i25356/
Hi-Time Wine Cellars,USA: (CA) Costa Mesa,125.23₽,https://www.hitimewine.net/smirnoff-50ml-i-161620.html
Marketview Liquor,USA: (NY) Rochester,125.23₽,https://www.marketviewliquor.com/product/wine/sutter-home-red-blend-187ml
EmpireWine.com,USA: (NY) Albany,125.23₽,https://www.empirewine.com/wine/sutter-home-red-blend-187ml-i25355/
Marketview Liquor,USA: (NY) Rochester,125.23₽,https://www.marketviewliquor.com/product/wine/barefoot-cellars-sweet-red-187-ml
Kahn's Fine Wines & Spirits,USA: (IN) Indianapolis,125.23₽,http://www.kahnsfinewines.com/sku17111.html
Marketview Liquor,USA: (NY) Rochester,125.23₽,https://www.marketviewliquor.com/product/wine/sutter-home-sweet-red-187-ml
EmpireWine.com,USA: (NY) Albany,125.23₽,https://www.empirewine.com/wine/sutter-home-sweet-red-187ml-i25360/
House of Wine & Liquor,USA: (NJ) Woodbridge,129.68₽,https://www.houseofwinenj.com/wines/Sutter-Home-Winery-Red-Moscato-187-Ml-w2525143j6
House of Wine & Liquor,USA: (NJ) Woodbridge,129.68₽,https://www.houseofwinenj.com/wines/Sutter-Home-Winery-Red-Blend-187-Ml-w5748041ap
House of Wine & Liquor,USA: (NJ) Woodbridge,129.68₽,https://www.houseofwinenj.com/wines/Sutter-Home-Winery-Sweet-Red-187-Ml-w0592577qv
"Total Wine & More, Bellevue",USA: (WA) Bellevue,132.64₽,https://www.totalwine.com/spirits/vodka/vodka/smirnoff/p/1835050?s=1401&igrules=true
Gary's Wine & Marketplace,USA: (NJ) Wayne,132.64₽,https://garyswine.com/shop/?product-id=573a3a7f69702d1966ad6e00&option-id=75a519823ba80302f9e7875a9b0645485ff25a6cd07b50c3a83fab0cf0324af2&utm_source=winesearcher&utm_medium=feed
Universal Package Store,USA: (CT) New London,132.64₽,https://booze.wine/collections/brands/products/johnnie-walker-red-label-50ml
Town Wine & Spirits,USA: (RI) Providence,132.64₽,https://townwine.com/shop/#StoreFrontLocationHash=%23%2Fwidget/5f6a16c50c375227e4f6ff6a/product/566fc0237562757006e10000
Pike's Wine & Liquor,USA: (NY) Elmont,136.35₽,https://pikesliquors.com/shop/?product-id=56c3372969702d27edab0300&option-id=9ad844d298ef3472217ed845c1ecf9e42c1dd36e7d1cc37fc023a3582b5a9f99&utm_source=winesearcher&utm_medium=feed
De Wine Spot,USA: (NY) Brooklyn,136.35₽,http://www.dewinespot.co/products/bushmills-red-bush-irish-whisky
East Houston Street Wines & Liquors,USA: (NY) New York,137.09₽,http://www.ehliquors.com/#&StoreFrontLocationHash=%23%2Fwidget%2F5702e2d869702d0818180000%2Fproduct%2F58a7460501ff95307e9d5d4a%3Fnav_path%3D%255B%255D
EmpireWine.com,USA: (NY) Albany,140.05₽,https://www.empirewine.com/wine/hazlitt-vineyards-red-cat-red-cat-187ml-i8732/
Hi-Time Wine Cellars,USA: (CA) Costa Mesa,144.50₽,https://www.hitimewine.net/figueroa-mountain-danish-red-lager-12oz-single-i-437765.html
